source,destination,rssi,timestamp
WB5,WB2,-32,424621
WB5,WB1,-18,424621
WB3,WB2,-79,497187
WB3,WB1,-52,497187
WB5,WB1,-18,432633
WB5,WB2,-32,432633
WB2,WB1,-21,432549
WB3,WB1,-53,505198
WB5,WB2,-50,440644
WB4,WB2,-56,8011
WB4,WB1,-53,16023
WB4,WB2,-54,16023
WB3,WB2,-79,8926
WB4,WB2,-50,24034
WB4,WB1,-54,24034
WB3,WB2,-64,16938
WB4,WB2,-57,32045
WB3,WB1,-57,24950
WB4,WB1,-53,40056
WB4,WB2,-52,40056
WB3,WB1,-53,32962
WB3,WB2,-59,32962
WB4,WB1,-64,48069
WB3,WB1,-53,40973
WB4,WB2,-44,56080
WB4,WB1,-47,56080
WB3,WB1,-46,48985
WB4,WB2,-44,64093
WB3,WB1,-47,56997
WB3,WB2,-52,56997
WB4,WB1,-58,72105
WB4,WB2,-43,80116
WB4,WB1,-49,80116
WB3,WB1,-55,73017
WB3,WB2,-61,73017
WB4,WB2,-45,88127
WB3,WB2,-59,81030
WB4,WB2,-61,96138
WB3,WB2,-60,105062
WB4,WB2,-63,120171
WB3,WB2,-56,113074
WB4,WB2,-54,128182
WB5,WB2,-21,24030
WB3,WB2,-52,121086
WB4,WB2,-55,136195
WB5,WB2,-18,32042
WB3,WB2,-54,129097
WB4,WB2,-60,144207
WB5,WB2,-27,40053
WB4,WB2,-46,152219
WB5,WB2,-24,48065
WB3,WB2,-64,145117
WB3,WB1,-52,145117
WB4,WB2,-55,160230
WB4,WB1,-46,160230
WB2,WB1,-25,48455
WB5,WB1,-30,56077
WB3,WB2,-64,153129
WB3,WB1,-58,153129
WB4,WB1,-55,168241
WB4,WB2,-60,168241
WB1,WB2,-33,16020
WB5,WB1,-32,64089
WB3,WB1,-52,161140
WB3,WB2,-62,161140
WB4,WB2,-60,176253
WB1,WB2,-19,24031
WB5,WB2,-24,72100
WB3,WB1,-54,169153
WB4,WB1,-42,184266
WB2,WB1,-17,72486
WB1,WB2,-20,32043
WB5,WB2,-26,80111
WB5,WB1,-30,80111
WB4,WB1,-44,192278
WB2,WB1,-17,80498
WB1,WB2,-19,40055
WB5,WB2,-26,88124
WB5,WB1,-31,88124
WB3,WB1,-53,185177
WB4,WB1,-45,200289
WB4,WB2,-58,200289
WB2,WB1,-17,88508
WB1,WB2,-19,48067
WB5,WB1,-30,96135
WB5,WB2,-26,96135
WB3,WB1,-52,193189
WB2,WB1,-17,96520
WB1,WB2,-20,56078
WB5,WB1,-30,104147
WB5,WB2,-25,104147
WB3,WB1,-52,201200
WB4,WB1,-35,216313
WB2,WB1,-27,104532
WB5,WB2,-24,112158
WB3,WB1,-42,209212
WB4,WB2,-49,224324
WB2,WB1,-16,112542
WB1,WB2,-20,72100
WB5,WB1,-30,120169
WB5,WB2,-25,120169
WB3,WB1,-48,217224
WB3,WB2,-51,217224
WB4,WB2,-55,232336
WB2,WB1,-15,120552
WB1,WB2,-19,80110
WB5,WB2,-23,128181
WB5,WB1,-30,128181
WB3,WB2,-48,225235
WB3,WB1,-48,225235
WB4,WB1,-34,240347
WB2,WB1,-16,128560
WB1,WB2,-19,88121
WB5,WB1,-31,136193
WB5,WB2,-23,136193
WB3,WB2,-49,233247
WB3,WB1,-47,233247
WB4,WB2,-64,248359
WB2,WB1,-27,136571
WB1,WB2,-19,96132
WB5,WB2,-23,144205
WB5,WB1,-31,144205
WB3,WB1,-47,241260
WB4,WB2,-46,256370
WB4,WB1,-44,256370
WB2,WB1,-17,144582
WB1,WB2,-18,104143
WB5,WB2,-24,152217
WB5,WB1,-30,152217
WB3,WB1,-47,249272
WB3,WB2,-52,249272
WB4,WB1,-34,264382
WB1,WB2,-18,112155
WB5,WB2,-23,160230
WB5,WB1,-30,160230
WB3,WB2,-52,257284
WB4,WB2,-49,272394
WB4,WB1,-34,272394
WB2,WB1,-18,160601
WB1,WB2,-18,120167
WB5,WB2,-23,168241
WB5,WB1,-30,168241
WB3,WB1,-48,265295
WB3,WB2,-49,265295
WB4,WB1,-35,280406
WB1,WB2,-20,128178
WB5,WB2,-23,176252
WB3,WB2,-48,273306
WB4,WB1,-35,288418
WB4,WB2,-63,288418
WB2,WB1,-18,176619
WB1,WB2,-18,136186
WB5,WB2,-23,184263
WB5,WB1,-30,184263
WB4,WB2,-63,296429
WB2,WB1,-27,184631
WB1,WB2,-19,144195
WB3,WB1,-48,289328
WB4,WB1,-47,304441
WB4,WB2,-61,304441
WB1,WB2,-20,152207
WB5,WB2,-23,200284
WB5,WB1,-30,200284
WB3,WB2,-50,297339
WB3,WB1,-48,297339
WB2,WB1,-16,200652
WB1,WB2,-18,160214
WB5,WB1,-30,208295
WB5,WB2,-23,208295
WB3,WB1,-47,305350
WB3,WB2,-49,305350
WB4,WB1,-43,320463
WB4,WB2,-60,320463
WB2,WB1,-16,208661
WB1,WB2,-20,168223
WB5,WB1,-30,216306
WB5,WB2,-23,216306
WB3,WB1,-48,313362
WB3,WB2,-48,313362
WB4,WB2,-63,328475
WB4,WB1,-35,328475
WB2,WB1,-17,216670
WB1,WB2,-18,176233
WB3,WB2,-49,321373
WB4,WB2,-54,336488
WB4,WB1,-34,336488
WB2,WB1,-18,224681
WB1,WB2,-19,184245
WB5,WB1,-30,232327
WB5,WB2,-23,232327
WB3,WB2,-50,329385
WB4,WB1,-44,344500
WB4,WB2,-50,344500
WB2,WB1,-18,232691
WB1,WB2,-18,192256
WB5,WB2,-23,240340
WB5,WB1,-29,240340
WB3,WB1,-48,337395
WB3,WB2,-48,337395
WB4,WB2,-60,352511
WB4,WB1,-42,352511
WB2,WB1,-16,240701
WB1,WB2,-19,200266
WB5,WB2,-23,248352
WB3,WB1,-47,345407
WB3,WB2,-49,345407
WB4,WB1,-43,360522
WB2,WB1,-16,248710
WB1,WB2,-18,208274
WB3,WB1,-47,353419
WB3,WB2,-51,353419
WB4,WB2,-54,368533
WB2,WB1,-28,256723
WB1,WB2,-20,216282
WB5,WB2,-23,264372
WB5,WB1,-30,264372
WB3,WB1,-48,361430
WB3,WB2,-51,361430
WB4,WB2,-66,376545
WB2,WB1,-18,264736
WB1,WB2,-19,224293
WB5,WB2,-23,272385
WB3,WB2,-50,369441
WB4,WB1,-34,384557
WB1,WB2,-19,232304
WB5,WB1,-31,280396
WB5,WB2,-23,280396
WB3,WB2,-48,377454
WB2,WB1,-27,280753
WB1,WB2,-18,240311
WB5,WB2,-23,288409
WB3,WB1,-49,385466
WB3,WB2,-52,385466
WB2,WB1,-17,288764
WB1,WB2,-18,248321
WB5,WB1,-30,296420
WB5,WB2,-23,296420
WB3,WB1,-48,393477
WB4,WB1,-41,408588
WB4,WB2,-49,408588
WB2,WB1,-18,296775
WB1,WB2,-18,256333
WB5,WB2,-23,304431
WB5,WB1,-30,304431
WB3,WB1,-48,401488
WB4,WB2,-64,416598
WB2,WB1,-16,304785
WB1,WB2,-18,264344
WB5,WB2,-23,312442
WB5,WB1,-30,312442
WB3,WB1,-49,409499
WB4,WB1,-36,424609
WB2,WB1,-28,312797
WB1,WB2,-18,272355
WB5,WB2,-23,320454
WB5,WB1,-31,320454
WB3,WB2,-51,417512
WB4,WB1,-46,432621
WB1,WB2,-18,280366
WB3,WB1,-49,425524
WB3,WB2,-52,425524
WB4,WB1,-35,440633
WB4,WB2,-53,440633
WB2,WB1,-28,328820
WB5,WB1,-29,336477
WB5,WB2,-23,336477
WB3,WB1,-48,433535
WB3,WB2,-51,433535
WB4,WB1,-43,448645
WB2,WB1,-17,336831
WB1,WB2,-18,296387
WB5,WB2,-23,344488
WB5,WB1,-30,344488
WB4,WB2,-61,456656
WB2,WB1,-16,344841
WB5,WB2,-23,352500
WB3,WB1,-48,449555
WB4,WB1,-36,464668
WB4,WB2,-61,464668
WB1,WB2,-18,312408
WB3,WB1,-49,457567
WB3,WB2,-52,457567
WB4,WB1,-33,472679
WB2,WB1,-18,360862
WB5,WB1,-30,368521
WB5,WB2,-22,368521
WB3,WB1,-49,465577
WB2,WB1,-18,368871
WB1,WB2,-18,328426
WB5,WB2,-23,376532
WB5,WB1,-30,376532
WB3,WB2,-52,473589
WB3,WB1,-48,473589
WB4,WB1,-35,488700
WB2,WB1,-16,376881
WB5,WB2,-23,384543
WB5,WB1,-30,384543
WB3,WB2,-49,481601
WB3,WB1,-48,481601
WB2,WB1,-27,384892
WB1,WB2,-18,344443
WB5,WB2,-25,392554
WB5,WB1,-30,392554
WB3,WB2,-51,489612
WB3,WB1,-48,489612
WB4,WB1,-34,504720
WB2,WB1,-18,392901
WB1,WB2,-20,352454
WB5,WB1,-30,400566
WB5,WB2,-25,400566
WB3,WB2,-57,497623
WB3,WB1,-50,497623
WB4,WB1,-36,512729
WB2,WB1,-18,400911
WB1,WB2,-20,360463
WB5,WB2,-23,408578
WB3,WB2,-54,505633
WB3,WB1,-47,505633
WB4,WB1,-36,520741
WB4,WB2,-59,520741
WB2,WB1,-18,408922
WB1,WB2,-18,368471
WB5,WB2,-23,416589
WB5,WB1,-31,416589
WB4,WB1,-34,528752
WB2,WB1,-17,416930
WB1,WB2,-18,376480
WB5,WB2,-25,424599
WB3,WB1,-47,521655
WB3,WB2,-54,521655
WB4,WB1,-34,536763
WB5,WB2,-23,432611
WB3,WB1,-48,529667
WB4,WB2,-59,544774
WB4,WB1,-45,544774
WB2,WB1,-16,432950
WB5,WB2,-23,440623
WB5,WB1,-31,440623
WB3,WB2,-57,537678
WB3,WB1,-52,537678
WB4,WB1,-44,552786
WB4,WB2,-65,552786
WB2,WB1,-17,440960
WB1,WB2,-20,400510
WB5,WB1,-31,448634
WB5,WB2,-23,448634
WB3,WB1,-53,545689
WB4,WB2,-63,560797
WB4,WB1,-34,560797
WB2,WB1,-16,448970
WB1,WB2,-20,408519
WB3,WB2,-56,553698
WB4,WB1,-35,568809
WB2,WB1,-16,456977
WB1,WB2,-18,416530
WB3,WB2,-57,561709
WB4,WB1,-35,576819
WB2,WB1,-17,464987
WB3,WB1,-52,569720
WB3,WB2,-57,569720
WB4,WB1,-42,584831
WB2,WB1,-18,472997
WB5,WB1,-30,480672
WB5,WB2,-23,480672
WB3,WB1,-53,577731
WB4,WB1,-36,592842
WB2,WB1,-18,481007
WB1,WB2,-18,440559
WB5,WB2,-25,488683
WB3,WB1,-52,585743
WB3,WB2,-54,585743
WB4,WB1,-43,600853
WB2,WB1,-16,489016
WB1,WB2,-20,448570
WB5,WB2,-23,496695
WB3,WB2,-57,593754
WB3,WB1,-52,593754
WB4,WB1,-34,608864
WB4,WB2,-48,608864
WB2,WB1,-17,497028
WB1,WB2,-18,456580
WB5,WB1,-30,504707
WB5,WB2,-23,504707
WB3,WB2,-58,601766
WB3,WB1,-52,601766
WB4,WB1,-44,616875
WB4,WB2,-64,616875
WB5,WB1,-31,512719
WB5,WB2,-23,512719
WB3,WB1,-50,609777
WB3,WB2,-54,609777
WB4,WB1,-37,624887
WB2,WB1,-16,513052
WB1,WB2,-19,472603
WB5,WB1,-30,520729
WB5,WB2,-23,520729
WB3,WB1,-52,617789
WB4,WB1,-42,632897
WB2,WB1,-28,521063
WB1,WB2,-20,480615
WB5,WB2,-23,528739
WB5,WB1,-30,528739
WB3,WB2,-56,625800
WB3,WB1,-53,625800
WB4,WB2,-50,640907
WB1,WB2,-18,488626
WB5,WB2,-23,536751
WB5,WB1,-31,536751
WB3,WB1,-51,633812
WB3,WB2,-55,633812
WB4,WB1,-34,648918
WB2,WB1,-28,537084
WB1,WB2,-20,496633
WB3,WB2,-56,641823
WB3,WB1,-52,641823
WB4,WB1,-42,656929
WB2,WB1,-27,545095
WB1,WB2,-20,504643
WB5,WB2,-23,552771
WB5,WB1,-30,552771
WB3,WB2,-54,649834
WB3,WB1,-52,649834
WB4,WB1,-44,664941
WB4,WB2,-60,664941
WB2,WB1,-28,553105
WB1,WB2,-18,512654
WB5,WB1,-31,560782
WB5,WB2,-25,560782
WB3,WB2,-55,657846
WB3,WB1,-49,657846
WB4,WB1,-43,672953
WB2,WB1,-16,561116
WB1,WB2,-18,520664
WB5,WB2,-25,568794
WB5,WB1,-30,568794
WB4,WB1,-34,680964
WB1,WB2,-20,528674
WB5,WB1,-30,576807
WB5,WB2,-23,576807
WB3,WB2,-53,673866
WB3,WB1,-49,673866
WB4,WB1,-43,688976
WB2,WB1,-16,577134
WB5,WB2,-23,584818
WB5,WB1,-30,584818
WB3,WB2,-52,681876
WB3,WB1,-48,681876
WB4,WB2,-57,696986
WB4,WB1,-43,696986
WB2,WB1,-28,585144
WB1,WB2,-19,544698
WB5,WB2,-25,592828
WB4,WB2,-55,704997
WB2,WB1,-18,593154
WB1,WB2,-18,552708
WB5,WB1,-30,600841
WB5,WB2,-25,600841
WB3,WB2,-53,697897
WB3,WB1,-48,697897
WB4,WB2,-54,713009
WB2,WB1,-18,601162
WB1,WB2,-20,560717
WB5,WB2,-23,608853
WB5,WB1,-30,608853
WB3,WB1,-48,705908
WB4,WB2,-55,721020
WB4,WB1,-36,721020
WB5,WB1,-30,616864
WB5,WB2,-24,616864
WB3,WB1,-48,713918
WB3,WB2,-53,713918
WB4,WB1,-43,729032
WB4,WB2,-49,729032
WB2,WB1,-16,617184
WB5,WB1,-30,624876
WB5,WB2,-25,624876
WB3,WB1,-48,721930
WB3,WB2,-52,721930
WB2,WB1,-16,625195
WB5,WB2,-25,632888
WB3,WB2,-52,729942
WB3,WB1,-48,729942
WB4,WB1,-34,745052
WB1,WB2,-18,592757
WB5,WB2,-23,640900
WB5,WB1,-29,640900
WB3,WB1,-48,737954
WB3,WB2,-53,737954
WB4,WB1,-36,753062
WB2,WB1,-17,641216
WB1,WB2,-19,600766
WB5,WB1,-30,648911
WB5,WB2,-23,648911
WB3,WB2,-53,745966
WB3,WB1,-49,745966
WB4,WB2,-58,761073
WB4,WB1,-44,761073
WB2,WB1,-17,649227
WB1,WB2,-20,608776
WB5,WB2,-23,656923
WB5,WB1,-29,656923
WB3,WB1,-49,753978
WB4,WB2,-56,769084
WB2,WB1,-16,657237
WB1,WB2,-19,616788
WB5,WB1,-29,664934
WB5,WB2,-25,664934
WB3,WB1,-48,761990
WB3,WB2,-54,761990
WB4,WB1,-54,777095
WB2,WB1,-22,665245
WB1,WB2,-24,624799
WB5,WB1,-31,672946
WB5,WB2,-23,672946
WB3,WB2,-54,770003
WB4,WB2,-60,785107
WB4,WB1,-59,785107
WB2,WB1,-29,673257
WB5,WB2,-22,680958
WB5,WB1,-28,680958
WB3,WB2,-57,778014
WB3,WB1,-55,778014
WB1,WB2,-18,640819
WB2,WB1,-17,681269
WB5,WB2,-24,688969
WB5,WB1,-29,688969
WB3,WB1,-57,786026
WB4,WB1,-35,801128
WB4,WB2,-58,801128
WB2,WB1,-16,689280
WB1,WB2,-19,648831
WB5,WB1,-28,696982
WB5,WB2,-25,696982
WB3,WB2,-54,794038
WB3,WB1,-55,794038
WB4,WB1,-34,809139
WB2,WB1,-27,697290
WB1,WB2,-17,656839
WB5,WB2,-23,704993
WB5,WB1,-28,704993
WB3,WB2,-55,802050
WB3,WB1,-55,802050
WB4,WB1,-36,817150
WB4,WB2,-59,817150
WB2,WB1,-16,705299
WB5,WB2,-23,713004
WB5,WB1,-29,713004
WB3,WB2,-47,810061
WB4,WB2,-59,825162
WB2,WB1,-17,713311
WB1,WB2,-19,672857
WB5,WB2,-23,721016
WB5,WB1,-28,721016
WB3,WB2,-46,818072
WB4,WB1,-35,833172
WB4,WB2,-61,833172
WB1,WB2,-18,680868
WB5,WB1,-28,729028
WB5,WB2,-24,729028
WB3,WB1,-49,826083
WB4,WB2,-54,841183
WB1,WB2,-18,688876
WB5,WB2,-23,737038
WB5,WB1,-28,737038
WB3,WB1,-46,834095
WB3,WB2,-46,834095
WB4,WB1,-36,849194
WB4,WB2,-48,849194
WB2,WB1,-16,737342
WB1,WB2,-18,696886
WB5,WB2,-23,745051
WB5,WB1,-29,745051
WB3,WB1,-47,842106
WB4,WB1,-36,857207
WB4,WB2,-58,857207
WB2,WB1,-17,745351
WB1,WB2,-18,704895
WB5,WB2,-23,753061
WB5,WB1,-29,753061
WB3,WB1,-49,850117
WB4,WB2,-59,865219
WB2,WB1,-17,753360
WB1,WB2,-18,712905
WB5,WB2,-23,761073
WB5,WB1,-28,761073
WB4,WB2,-49,873229
WB2,WB1,-17,761370
WB1,WB2,-18,720915
WB5,WB1,-28,769084
WB5,WB2,-24,769084
WB3,WB1,-49,866139
WB3,WB2,-51,866139
WB4,WB2,-53,881241
WB4,WB1,-34,881241
WB2,WB1,-17,769380
WB1,WB2,-18,728926
WB5,WB2,-22,777097
WB5,WB1,-28,777097
WB4,WB1,-35,889253
WB2,WB1,-16,777390
WB1,WB2,-19,736936
WB5,WB1,-28,785107
WB5,WB2,-23,785107
WB4,WB1,-34,897265
WB2,WB1,-17,785402
WB5,WB1,-28,793118
WB3,WB2,-58,890169
WB3,WB1,-53,890169
WB4,WB2,-48,905275
WB2,WB1,-16,793411
WB3,WB2,-53,898181
WB3,WB1,-51,898181
WB4,WB1,-34,913285
WB2,WB1,-16,801418
WB1,WB2,-18,760965
WB5,WB1,-28,809137
WB5,WB2,-23,809137
WB3,WB2,-50,906193
WB3,WB1,-49,906193
WB4,WB2,-58,921298
WB4,WB1,-46,921298
WB1,WB2,-18,768976
WB5,WB2,-23,817149
WB5,WB1,-29,817149
WB3,WB2,-49,914203
WB4,WB1,-35,929310
WB2,WB1,-17,817437
WB5,WB2,-23,825159
WB3,WB2,-51,922214
WB3,WB1,-47,922214
WB4,WB2,-61,937321
WB2,WB1,-17,825447
WB5,WB2,-23,833171
WB5,WB1,-28,833171
WB3,WB1,-53,930225
WB4,WB1,-34,945331
WB1,WB2,-19,793009
WB5,WB2,-23,841183
WB5,WB1,-29,841183
WB3,WB2,-50,938236
WB3,WB1,-51,938236
WB4,WB1,-45,953344
WB4,WB2,-59,953344
WB2,WB1,-16,841465
WB1,WB2,-18,801017
WB5,WB1,-28,849193
WB5,WB2,-23,849193
WB3,WB1,-52,946247
WB3,WB2,-51,946247
WB4,WB1,-36,961356
WB4,WB2,-57,961356
WB2,WB1,-26,849476
WB1,WB2,-17,809026
WB5,WB2,-23,857204
WB3,WB2,-49,954257
WB3,WB1,-54,954257
WB4,WB1,-45,969366
WB4,WB2,-49,969366
WB2,WB1,-17,857488
WB5,WB1,-29,865215
WB5,WB2,-24,865215
WB3,WB1,-49,962269
WB3,WB2,-50,962269
WB4,WB1,-33,977376
WB2,WB1,-17,865498
WB3,WB2,-48,970281
WB4,WB1,-33,985386
WB2,WB1,-17,873508
WB1,WB2,-19,833057
WB5,WB2,-23,881235
WB5,WB1,-29,881235
WB3,WB1,-49,978291
WB3,WB2,-52,978291
WB4,WB1,-34,993398
WB2,WB1,-16,881518
WB1,WB2,-19,841068
WB5,WB1,-28,889245
WB5,WB2,-22,889245
WB3,WB1,-50,986301
WB3,WB2,-53,986301
WB4,WB2,-57,1001410
WB2,WB1,-16,889529
WB1,WB2,-18,849076
WB5,WB1,-28,897256
WB5,WB2,-23,897256
WB3,WB1,-49,994312
WB3,WB2,-53,994312
WB4,WB1,-35,1009420
WB2,WB1,-17,897538
WB5,WB2,-24,905267
WB5,WB1,-28,905267
WB3,WB2,-48,1002324
WB3,WB1,-49,1002324
WB4,WB2,-54,1017430
WB4,WB1,-34,1017430
WB2,WB1,-17,905548
WB1,WB2,-18,865092
WB5,WB2,-23,913279
WB3,WB1,-49,1010335
WB3,WB2,-52,1010335
WB4,WB2,-55,1025441
WB4,WB1,-35,1025441
WB2,WB1,-15,913556
WB5,WB1,-28,921289
WB5,WB2,-23,921289
WB3,WB1,-49,1018346
WB3,WB2,-49,1018346
WB4,WB1,-35,1033452
WB4,WB2,-54,1033452
WB2,WB1,-15,921567
WB1,WB2,-19,881113
WB5,WB1,-28,929299
WB5,WB2,-23,929299
WB3,WB2,-50,1026357
WB3,WB1,-51,1026357
WB4,WB1,-35,1041462
WB1,WB2,-18,889123
WB5,WB1,-28,937310
WB5,WB2,-25,937310
WB3,WB2,-56,1034367
WB4,WB1,-36,1049472
WB2,WB1,-17,937588
WB1,WB2,-19,897132
WB5,WB2,-23,945321
WB5,WB1,-27,945321
WB3,WB1,-50,1042379
WB3,WB2,-52,1042379
WB4,WB1,-34,1057484
WB1,WB2,-18,905143
WB5,WB2,-23,953331
WB3,WB2,-57,1050390
WB4,WB1,-34,1065496
WB4,WB2,-49,1065496
WB1,WB2,-18,913153
WB5,WB2,-23,961341
WB5,WB1,-28,961341
WB3,WB1,-53,1058399
WB4,WB2,-56,1073506
WB4,WB1,-34,1073506
WB2,WB1,-17,961617
WB1,WB2,-18,921163
WB5,WB2,-23,969352
WB3,WB1,-53,1066410
WB3,WB2,-59,1066410
WB4,WB1,-34,1081516
WB4,WB2,-48,1081516
WB2,WB1,-17,969628
WB1,WB2,-19,929171
WB3,WB1,-48,1074422
WB4,WB1,-35,1089527
WB5,WB1,-28,985372
WB5,WB2,-23,985372
WB3,WB2,-56,1082432
WB2,WB1,-16,985647
WB1,WB2,-19,945192
WB5,WB1,-28,993382
WB5,WB2,-25,993382
WB3,WB1,-51,1090442
WB4,WB1,-34,1105547
WB4,WB2,-55,1105547
WB2,WB1,-15,993657
WB1,WB2,-19,953201
WB5,WB2,-22,1001392
WB5,WB1,-28,1001392
WB3,WB2,-52,1098453
WB3,WB1,-52,1098453
WB4,WB2,-54,1113557
WB2,WB1,-16,1001667
WB1,WB2,-18,961211
WB5,WB2,-24,1009403
WB3,WB1,-48,1106464
WB3,WB2,-53,1106464
WB4,WB1,-35,1121567
WB2,WB1,-17,1009676
WB5,WB2,-23,1017414
WB3,WB1,-48,1114476
WB4,WB1,-46,1129578
WB4,WB2,-60,1129578
WB2,WB1,-15,1017685
WB5,WB2,-23,1025426
WB3,WB2,-53,1122487
WB3,WB1,-47,1122487
WB4,WB2,-55,1137590
WB1,WB2,-18,985242
WB5,WB2,-23,1033437
WB5,WB1,-28,1033437
WB3,WB2,-49,1130498
WB3,WB1,-49,1130498
WB4,WB1,-35,1145599
WB4,WB2,-58,1145599
WB1,WB2,-18,993250
WB5,WB2,-25,1041448
WB5,WB1,-28,1041448
WB4,WB2,-57,1153610
WB1,WB2,-19,1001261
WB5,WB1,-28,1049459
WB5,WB2,-23,1049459
WB3,WB2,-49,1146519
WB3,WB1,-49,1146519
WB4,WB1,-34,1161621
WB2,WB1,-17,1049723
WB1,WB2,-18,1009269
WB5,WB2,-23,1057470
WB5,WB1,-29,1057470
WB3,WB2,-48,1154529
WB3,WB1,-48,1154529
WB4,WB2,-54,1169631
WB4,WB1,-34,1169631
WB2,WB1,-26,1057733
WB1,WB2,-18,1017277
WB5,WB2,-23,1065480
WB5,WB1,-29,1065480
WB3,WB1,-48,1162539
WB3,WB2,-50,1162539
WB4,WB2,-55,1177643
WB4,WB1,-34,1177643
WB2,WB1,-27,1065744
WB1,WB2,-19,1025288
WB5,WB1,-28,1073490
WB5,WB2,-24,1073490
WB3,WB1,-48,1170551
WB4,WB2,-57,1185653
WB4,WB1,-33,1185653
WB2,WB1,-15,1073751
WB3,WB1,-47,1178562
WB4,WB1,-35,1193664
WB2,WB1,-16,1081761
WB1,WB2,-19,1041305
WB5,WB2,-23,1089511
WB5,WB1,-29,1089511
WB3,WB1,-49,1186572
WB3,WB2,-52,1186572
WB2,WB1,-15,1089772
WB1,WB2,-19,1049315
WB5,WB2,-23,1097522
WB5,WB1,-28,1097522
WB3,WB2,-52,1194583
WB4,WB1,-33,1209683
WB2,WB1,-16,1097782
WB1,WB2,-18,1057324
WB5,WB2,-23,1105533
WB5,WB1,-29,1105533
WB4,WB2,-61,1217694
WB2,WB1,-26,1105794
WB1,WB2,-19,1065334
WB5,WB2,-25,1113544
WB3,WB2,-51,1210603
WB3,WB1,-48,1210603
WB4,WB1,-34,1225705
WB2,WB1,-15,1113805
WB5,WB2,-23,1121556
WB5,WB1,-29,1121556
WB3,WB2,-49,1218615
WB4,WB2,-59,1233715
WB4,WB1,-46,1233715
WB2,WB1,-17,1121815
WB1,WB2,-17,1081351
WB5,WB2,-23,1129566
WB3,WB1,-49,1226625
WB4,WB2,-58,1241727
WB2,WB1,-16,1129826
WB5,WB1,-28,1137577
WB5,WB2,-24,1137577
WB1,WB2,-19,1089362
WB3,WB1,-53,1234636
WB3,WB2,-62,1234636
WB4,WB1,-45,1249736
WB2,WB1,-15,1137836
WB1,WB2,-19,1097373
WB5,WB2,-23,1145588
WB5,WB1,-28,1145588
WB4,WB1,-35,1257747
WB2,WB1,-17,1145848
WB5,WB2,-23,1153599
WB5,WB1,-28,1153599
WB3,WB2,-54,1250657
WB4,WB1,-42,1265757
WB2,WB1,-16,1153855
WB5,WB1,-29,1161611
WB5,WB2,-23,1161611
WB3,WB2,-53,1258666
WB3,WB1,-53,1258666
WB4,WB1,-35,1273768
WB1,WB2,-19,1121405
WB5,WB2,-23,1169621
WB5,WB1,-28,1169621
WB3,WB2,-53,1266676
WB3,WB1,-53,1266676
WB4,WB1,-36,1281779
WB4,WB2,-63,1281779
WB2,WB1,-16,1169875
WB1,WB2,-18,1129415
WB5,WB1,-29,1177632
WB5,WB2,-25,1177632
WB3,WB1,-52,1274687
WB3,WB2,-60,1274687
WB2,WB1,-26,1177885
WB1,WB2,-18,1137425
WB5,WB2,-25,1185643
WB5,WB1,-28,1185643
WB3,WB1,-48,1282698
WB2,WB1,-15,1185892
WB1,WB2,-18,1145436
WB5,WB2,-23,1193655
WB5,WB1,-29,1193655
WB3,WB1,-48,1290709
WB3,WB2,-52,1290709
WB4,WB2,-55,1305807
WB4,WB1,-35,1305807
WB2,WB1,-17,1193902
WB1,WB2,-19,1153447
WB5,WB1,-28,1201666
WB5,WB2,-23,1201666
WB3,WB2,-52,1298720
WB4,WB2,-62,1313818
WB4,WB1,-42,1313818
WB2,WB1,-16,1201912
WB1,WB2,-19,1161457
WB5,WB2,-23,1209676
WB3,WB1,-52,1306730
WB3,WB2,-61,1306730
WB4,WB1,-43,1321829
WB2,WB1,-27,1209919
WB1,WB2,-19,1169467
WB5,WB1,-28,1217687
WB5,WB2,-25,1217687
WB3,WB2,-58,1314742
WB3,WB1,-50,1314742
WB4,WB1,-35,1329839
WB2,WB1,-17,1217929
WB1,WB2,-18,1177477
WB5,WB2,-23,1225699
WB5,WB1,-29,1225699
WB3,WB1,-49,1322752
WB3,WB2,-52,1322752
WB4,WB2,-48,1337850
WB4,WB1,-34,1337850
WB2,WB1,-17,1225940
WB1,WB2,-19,1185488
WB5,WB2,-23,1233709
WB5,WB1,-28,1233709
WB4,WB1,-47,1345860
WB4,WB2,-46,1345860
WB2,WB1,-17,1233948
WB1,WB2,-18,1193495
WB5,WB1,-29,1241720
WB3,WB1,-48,1338772
WB4,WB2,-48,1353871
WB2,WB1,-15,1241958
WB1,WB2,-19,1201504
WB5,WB1,-28,1249729
WB5,WB2,-24,1249729
WB3,WB2,-52,1346783
WB4,WB2,-47,1361881
WB2,WB1,-26,1249968
WB1,WB2,-18,1209515
WB5,WB2,-23,1257741
WB5,WB1,-28,1257741
WB3,WB2,-53,1354794
WB3,WB1,-48,1354794
WB4,WB1,-32,1369891
WB2,WB1,-15,1257980
WB5,WB2,-24,1265752
WB5,WB1,-28,1265752
WB3,WB1,-48,1362806
WB3,WB2,-56,1362806
WB4,WB1,-35,1377903
WB2,WB1,-15,1265989
WB1,WB2,-19,1225538
WB5,WB1,-28,1273762
WB5,WB2,-24,1273762
WB3,WB1,-51,1370816
WB4,WB1,-44,1385915
WB1,WB2,-18,1233548
WB5,WB2,-23,1281773
WB5,WB1,-28,1281773
WB3,WB1,-52,1378826
WB3,WB2,-57,1378826
WB4,WB1,-35,1393925
WB1,WB2,-19,1241554
WB3,WB2,-54,1386839
WB4,WB1,-35,1401936
WB4,WB2,-57,1401936
WB2,WB1,-15,1290018
WB1,WB2,-18,1249564
WB5,WB2,-23,1297793
WB5,WB1,-29,1297793
WB3,WB1,-49,1394850
WB3,WB2,-55,1394850
WB4,WB2,-59,1409948
WB4,WB1,-43,1409948
WB2,WB1,-17,1298028
WB1,WB2,-19,1257574
WB5,WB2,-24,1305804
WB5,WB1,-29,1305804
WB4,WB1,-35,1417959
WB2,WB1,-15,1306040
WB1,WB2,-19,1265584
WB5,WB1,-29,1313815
WB5,WB2,-24,1313815
WB3,WB2,-55,1410870
WB3,WB1,-49,1410870
WB4,WB2,-55,1425969
WB2,WB1,-27,1314050
WB1,WB2,-18,1273591
WB5,WB2,-25,1321826
WB5,WB1,-28,1321826
WB4,WB1,-33,1433979
WB2,WB1,-26,1322060
WB1,WB2,-18,1281601
WB5,WB1,-28,1329837
WB5,WB2,-23,1329837
WB3,WB2,-54,1426890
WB3,WB1,-49,1426890
WB4,WB1,-33,1441990
WB2,WB1,-27,1330072
WB1,WB2,-19,1289611
WB5,WB2,-23,1337848
WB5,WB1,-28,1337848
WB3,WB1,-49,1434900
WB3,WB2,-53,1434900
WB4,WB1,-36,1450001
WB4,WB2,-55,1450001
WB5,WB2,-24,1345858
WB5,WB1,-28,1345858
WB3,WB2,-58,1442911
WB3,WB1,-50,1442911
WB4,WB1,-43,1458011
WB4,WB2,-54,1458011
WB2,WB1,-17,1346087
WB1,WB2,-18,1305633
WB5,WB2,-23,1353868
WB5,WB1,-29,1353868
WB3,WB1,-50,1450922
WB4,WB2,-46,1466022
WB2,WB1,-25,1354098
WB5,WB1,-28,1361880
WB5,WB2,-24,1361880
WB3,WB2,-54,1458934
WB3,WB1,-48,1458934
WB4,WB2,-48,1474033
WB5,WB2,-23,1369891
WB5,WB1,-28,1369891
WB3,WB1,-48,1466944
WB3,WB2,-53,1466944
WB4,WB1,-34,1482045
WB4,WB2,-56,1482045
WB2,WB1,-15,1370120
WB1,WB2,-19,1329658
WB5,WB2,-23,1377902
WB3,WB2,-54,1474955
WB3,WB1,-48,1474955
WB4,WB1,-44,1490057
WB4,WB2,-46,1490057
WB2,WB1,-16,1378130
WB1,WB2,-18,1337668
WB5,WB2,-25,1385914
WB5,WB1,-28,1385914
WB3,WB1,-52,1482966
WB4,WB1,-35,1498067
WB4,WB2,-54,1498067
WB2,WB1,-15,1386138
WB1,WB2,-18,1345676
WB5,WB1,-28,1393924
WB5,WB2,-25,1393924
WB3,WB1,-48,1490976
WB3,WB2,-52,1490976
WB4,WB1,-33,1506078
WB1,WB2,-19,1353684
WB5,WB1,-28,1401934
WB5,WB2,-23,1401934
WB3,WB2,-50,1498987
WB3,WB1,-48,1498987
WB4,WB2,-50,1514088
WB4,WB1,-33,1514088
WB2,WB1,-16,1402159
WB5,WB2,-23,1409946
WB5,WB1,-29,1409946
WB3,WB2,-56,1506999
WB4,WB1,-42,1522099
WB4,WB2,-48,1522099
WB2,WB1,-16,1410169
WB1,WB2,-18,1369703
WB5,WB2,-24,1417956
WB5,WB1,-28,1417956
WB3,WB2,-54,1515010
WB3,WB1,-49,1515010
WB4,WB1,-35,1530110
WB2,WB1,-16,1418179
WB1,WB2,-19,1377713
WB4,WB2,-48,1538120
WB1,WB2,-19,1385723
WB5,WB2,-23,1433976
WB5,WB1,-28,1433976
WB3,WB1,-49,1531031
WB3,WB2,-51,1531031
WB4,WB1,-45,1546131
WB2,WB1,-17,1434201
WB1,WB2,-19,1393733
WB5,WB2,-23,1441987
WB5,WB1,-29,1441987
WB3,WB2,-49,1539043
WB3,WB1,-47,1539043
WB4,WB2,-47,1554143
WB4,WB1,-36,1554143
WB2,WB1,-16,1442210
WB1,WB2,-18,1401739
WB5,WB2,-23,1449998
WB5,WB1,-28,1449998
WB3,WB2,-49,1547052
WB3,WB1,-47,1547052
WB4,WB2,-47,1562153
WB4,WB1,-36,1562153
WB2,WB1,-17,1450218
WB1,WB2,-19,1409750
WB5,WB2,-23,1458007
WB5,WB1,-29,1458007
WB3,WB1,-52,1555063
WB4,WB2,-48,1570163
WB4,WB1,-31,1570163
WB1,WB2,-19,1417761
WB5,WB2,-23,1466019
WB5,WB1,-28,1466019
WB3,WB2,-49,1563074
WB4,WB1,-45,1578173
WB1,WB2,-19,1425771
WB5,WB1,-28,1474030
WB5,WB2,-23,1474030
WB3,WB2,-51,1571086
WB3,WB1,-47,1571086
WB4,WB1,-46,1586185
WB4,WB2,-48,1586185
WB2,WB1,-16,1474249
WB5,WB2,-23,1482040
WB5,WB1,-28,1482040
WB3,WB1,-47,1579096
WB3,WB2,-51,1579096
WB4,WB1,-44,1594197
WB4,WB2,-48,1594197
WB5,WB2,-24,1490051
WB5,WB1,-28,1490051
WB3,WB1,-54,1587106
WB4,WB1,-45,1602208
WB4,WB2,-49,1602208
WB2,WB1,-16,1490267
WB1,WB2,-18,1449798
WB5,WB1,-27,1498062
WB5,WB2,-23,1498062
WB3,WB1,-54,1595117
WB4,WB2,-48,1610218
WB4,WB1,-44,1610218
WB2,WB1,-26,1498277
WB1,WB2,-18,1457807
WB5,WB2,-23,1506083
WB5,WB1,-28,1506083
WB3,WB1,-48,1603129
WB3,WB2,-48,1603129
WB4,WB1,-34,1618228
WB2,WB1,-17,1506287
WB1,WB2,-19,1465817
WB5,WB2,-23,1514092
WB5,WB1,-29,1514092
WB3,WB2,-49,1611140
WB3,WB1,-49,1611140
WB4,WB2,-48,1626239
WB4,WB1,-46,1626239
WB2,WB1,-17,1514299
WB1,WB2,-19,1473825
WB5,WB2,-23,1522103
WB3,WB2,-50,1619150
WB3,WB1,-49,1619150
WB4,WB1,-43,1634249
WB2,WB1,-15,1522307
WB1,WB2,-18,1481836
WB3,WB1,-52,1627162
WB3,WB2,-54,1627162
WB2,WB1,-15,1530318
WB1,WB2,-18,1489845
WB5,WB2,-23,1538121
WB5,WB1,-28,1538121
WB3,WB1,-52,1635172
WB3,WB2,-49,1635172
WB4,WB2,-47,1650269
WB2,WB1,-16,1538329
WB1,WB2,-18,1497855
WB5,WB2,-23,1546132
WB5,WB1,-29,1546132
WB3,WB1,-52,1643183
WB3,WB2,-48,1643183
WB4,WB2,-48,1658281
WB2,WB1,-17,1546341
WB1,WB2,-18,1505866
WB5,WB2,-23,1554144
WB5,WB1,-29,1554144
WB3,WB2,-50,1651195
WB3,WB1,-54,1651195
WB4,WB2,-47,1666291
WB2,WB1,-16,1554351
WB1,WB2,-19,1513876
WB5,WB2,-25,1562155
WB5,WB1,-28,1562155
WB3,WB2,-51,1659206
WB3,WB1,-53,1659206
WB4,WB2,-47,1674301
WB4,WB1,-44,1674301
WB2,WB1,-16,1562363
WB5,WB2,-23,1570167
WB3,WB2,-48,1667218
WB3,WB1,-52,1667218
WB4,WB1,-34,1682311
WB4,WB2,-49,1682311
WB2,WB1,-16,1570374
WB1,WB2,-19,1529893
WB5,WB2,-23,1578178
WB5,WB1,-28,1578178
WB3,WB1,-53,1675230
WB4,WB2,-47,1690323
WB4,WB1,-44,1690323
WB2,WB1,-16,1578381
WB1,WB2,-18,1537902
WB5,WB1,-28,1586188
WB5,WB2,-23,1586188
WB3,WB1,-50,1683241
WB4,WB1,-44,1698333
WB4,WB2,-48,1698333
WB5,WB2,-23,1594199
WB5,WB1,-27,1594199
WB3,WB2,-61,1691251
WB3,WB1,-54,1691251
WB4,WB2,-47,1706345
WB4,WB1,-44,1706345
WB2,WB1,-26,1594402
WB1,WB2,-19,1553916
WB5,WB1,-28,1602209
WB5,WB2,-23,1602209
WB3,WB2,-52,1699262
WB4,WB2,-49,1714355
WB4,WB1,-34,1714355
WB2,WB1,-17,1602410
WB1,WB2,-18,1561924
WB5,WB2,-23,1610220
WB5,WB1,-29,1610220
WB3,WB1,-51,1707273
WB3,WB2,-48,1707273
WB4,WB1,-42,1722366
WB4,WB2,-58,1722366
WB5,WB1,-29,1618231
WB5,WB2,-23,1618231
WB3,WB1,-54,1715283
WB3,WB2,-52,1715283
WB4,WB2,-47,1730378
WB4,WB1,-44,1730378
WB2,WB1,-17,1618430
WB5,WB2,-25,1626242
WB5,WB1,-29,1626242
WB3,WB1,-53,1723295
WB4,WB2,-48,1738389
WB4,WB1,-45,1738389
WB2,WB1,-17,1626440
WB1,WB2,-18,1585956
WB3,WB2,-57,1731307
WB3,WB1,-56,1731307
WB4,WB1,-44,1746400
WB4,WB2,-55,1746400
WB1,WB2,-18,1593964
WB5,WB2,-23,1642260
WB5,WB1,-29,1642260
WB3,WB1,-49,1739317
WB3,WB2,-49,1739317
WB4,WB2,-55,1754411
WB1,WB2,-19,1601974
WB5,WB2,-23,1650271
WB5,WB1,-29,1650271
WB3,WB1,-48,1747327
WB3,WB2,-48,1747327
WB4,WB2,-47,1762423
WB2,WB1,-17,1650469
WB1,WB2,-18,1609983
WB5,WB1,-28,1658281
WB5,WB2,-23,1658281
WB3,WB1,-48,1755337
WB3,WB2,-48,1755337
WB4,WB2,-48,1770433
WB4,WB1,-44,1770433
WB2,WB1,-16,1658480
WB1,WB2,-18,1617993
WB5,WB2,-25,1666293
WB5,WB1,-28,1666293
WB4,WB1,-45,1778444
WB2,WB1,-15,1666489
WB1,WB2,-19,1626001
WB5,WB2,-24,1674305
WB5,WB1,-29,1674305
WB3,WB1,-49,1771357
WB4,WB1,-34,1786454
WB1,WB2,-17,1634008
WB5,WB1,-29,1682315
WB5,WB2,-23,1682315
WB3,WB1,-52,1779368
WB4,WB2,-47,1794465
WB1,WB2,-18,1642018
WB5,WB2,-23,1690325
WB4,WB2,-47,1802477
WB2,WB1,-16,1690516
WB1,WB2,-18,1650027
WB5,WB2,-23,1698336
WB3,WB2,-49,1795388
WB3,WB1,-50,1795388
WB4,WB2,-47,1810487
WB4,WB1,-44,1810487
WB1,WB2,-18,1658037
WB5,WB2,-23,1706347
WB5,WB1,-29,1706347
WB4,WB2,-49,1818497
WB4,WB1,-34,1818497
WB1,WB2,-18,1666048
WB5,WB2,-23,1714358
WB5,WB1,-29,1714358
WB3,WB2,-49,1811407
WB3,WB1,-51,1811407
WB4,WB2,-46,1826508
WB4,WB1,-44,1826508
WB2,WB1,-15,1714546
WB1,WB2,-19,1674058
WB5,WB2,-23,1722369
WB5,WB1,-30,1722369
WB3,WB1,-48,1819417
WB4,WB1,-44,1834519
WB4,WB2,-47,1834519
WB2,WB1,-15,1722556
WB1,WB2,-19,1682068
WB5,WB2,-25,1730380
WB3,WB1,-49,1827427
WB3,WB2,-57,1827427
WB4,WB2,-47,1842529
WB4,WB1,-44,1842529
WB2,WB1,-16,1730567
WB1,WB2,-18,1690075
WB3,WB1,-53,1835440
WB2,WB1,-16,1738576
WB5,WB2,-23,1746400
WB5,WB1,-29,1746400
WB3,WB1,-48,1843450
WB3,WB2,-49,1843450
WB4,WB2,-53,1858548
WB2,WB1,-26,1746587
WB1,WB2,-19,1706094
WB5,WB1,-29,1754410
WB5,WB2,-24,1754410
WB3,WB1,-48,1851461
WB3,WB2,-49,1851461
WB4,WB1,-36,1866559
WB2,WB1,-26,1754597
WB1,WB2,-18,1714102
WB5,WB1,-28,1762421
WB5,WB2,-24,1762421
WB3,WB2,-49,1859471
WB3,WB1,-49,1859471
WB2,WB1,-17,1762607
WB1,WB2,-18,1722112
WB5,WB1,-28,1770432
WB5,WB2,-24,1770432
WB3,WB1,-53,1867482
WB4,WB2,-47,1882579
WB1,WB2,-18,1730122
WB5,WB1,-28,1778444
WB5,WB2,-23,1778444
WB3,WB1,-49,1875491
WB3,WB2,-48,1875491
WB4,WB1,-46,1890590
WB5,WB2,-22,1786454
WB5,WB1,-27,1786454
WB4,WB1,-62,1898600
WB4,WB2,-46,1898600
WB2,WB1,-46,1786635
WB2,WB1,-29,1794644
WB1,WB2,-32,1754154
